{
  "data": [],
  "timestamp": 1754229690.944022,
  "ttl_seconds": 300,
  "created_at": "2025-08-03T16:01:30.944025"
}